Area and Perimeter;[17280.5, 503.8894]
Aspect Ratio;1.2164179104477613
Extent;0.7911592345023349
Solidity;0.990485197604104
Equivalent Diameter;148.33143952917055
